Sig,Std Dev
9.379755268100648e-08,4.694037188179786e-08
9.460595837095719e-08,4.98432357735535e-08
9.35040710939948e-08,4.650663185514561e-08
