Sig,Std Dev
9.250399837152293e-08,5.0501951689381936e-08
8.954103067399632e-08,4.700790178559473e-08
9.302389596677935e-08,4.736783238796111e-08
