Sig,Std Dev
9.288897337582718e-08,4.8984488910594115e-08
9.387244148663415e-08,4.862093042782688e-08
9.347591286455742e-08,4.7246775990779247e-08
