Sig,Std Dev
9.049128166474206e-08,4.5060671066027376e-08
9.509973140908539e-08,4.882321579203602e-08
9.051314840397115e-08,4.635780892600856e-08
