Sig,Std Dev
9.414750209106999e-07,5.106888726551232e-07
1.041751403211852e-06,5.368757973068163e-07
1.0943351746795764e-06,5.741736000610974e-07
1.0504130510352162e-06,5.310676170172731e-07
1.0874409974318328e-06,5.63826654301456e-07
1.1002051996682344e-06,5.75241716133411e-07
1.1057660019723494e-06,5.695498200571613e-07
1.1600827685235202e-06,5.79226294682196e-07
1.1873179148458238e-06,6.54801425604402e-07
1.186737990703706e-06,5.992982978441188e-07
1.1045754402975218e-06,5.93999238664408e-07
1.0550734832905875e-06,5.196274077223888e-07
1.0905272257205567e-06,5.680756081331769e-07
1.0924671558156306e-06,5.550954791879623e-07
1.1086177414486132e-06,5.787032956798005e-07
1.1213879076244228e-06,5.771604288262729e-07
1.1792559488059442e-06,6.14048797542411e-07
1.1731960816685198e-06,6.111159717335532e-07
1.1576149969897926e-06,6.064238580271251e-07
1.1565331791936534e-06,6.0028940622031e-07
1.1395676776495623e-06,5.940124572223811e-07
1.1562672132977075e-06,6.144760626573871e-07
1.192398652744121e-06,5.988252522403046e-07
1.0989561666770072e-06,5.177036174367069e-07
1.1088594295583736e-06,5.930243498427398e-07
1.1493553982118793e-06,6.262277343301995e-07
1.0723476389341406e-06,5.45123618849352e-07
1.0911671030922864e-06,5.782923233759831e-07
1.1087039608775022e-06,5.638467873601046e-07
1.169063268080796e-06,6.179498924512293e-07
1.2481140067251554e-06,6.510816454627199e-07
1.2747454114973938e-06,6.68649994889812e-07
1.2135109119375966e-06,6.559684918426384e-07
1.1883099950892068e-06,6.248114061185966e-07
1.1487032884675808e-06,6.008391580549444e-07
1.0303897562939833e-06,5.468665765085682e-07
1.003630505994583e-06,5.389851763666047e-07
9.811738092879192e-07,5.105943533767034e-07
8.760994113002342e-07,4.62858671371456e-07
