Sig,Std Dev
9.341163672177624e-08,4.993641368608747e-08
9.490447415399128e-08,4.907446981528814e-08
9.097061378795473e-08,4.8878569652096324e-08
