Sig,Std Dev
9.332732415788666e-08,4.8204321794773515e-08
9.4087423621614e-08,4.9635852003553496e-08
9.185640686004442e-08,4.8220947054402205e-08
