Sig,Std Dev
9.327877032475493e-08,4.8202151892261286e-08
9.420536656033136e-08,4.814337859799385e-08
9.148866753094041e-08,4.690109530262232e-08
9.265485926593365e-08,4.65654078739853e-08
9.466564810431731e-08,5.1933259617804225e-08
9.199009980980639e-08,4.880747119239028e-08
8.940676636840339e-08,4.603993090315373e-08
8.965184477257467e-08,4.730539629623001e-08
8.951289223405905e-08,4.714311648815785e-08
8.940657475546558e-08,4.699387022620348e-08
9.121823950759698e-08,4.661488041065326e-08
9.527485673735704e-08,4.8592209903326386e-08
8.467287268278801e-08,4.6184230254765156e-08
8.949392669506605e-08,4.6128132482364707e-08
9.506470205232999e-08,4.7839631450727415e-08
9.139230606017536e-08,4.676614565410982e-08
9.57268636282022e-08,5.0682107146556494e-08
9.544519894853957e-08,4.9108030396364854e-08
9.547276388322583e-08,4.865121912632868e-08
9.062225712197037e-08,4.654086378245542e-08
9.343013488537205e-08,4.970866757352886e-08
9.42552001922839e-08,4.940047285199902e-08
9.242492839650822e-08,4.9999738412166656e-08
9.14820129351934e-08,4.8270463913790645e-08
8.985959223310455e-08,4.7150931122809683e-08
8.803878786207296e-08,4.5633719802780594e-08
8.987896451193324e-08,4.969793678573828e-08
9.460539308451134e-08,5.080896875078052e-08
8.755088883726137e-08,4.604951233270298e-08
9.399820963606507e-08,4.602606512907073e-08
9.260455745344754e-08,4.889745207677236e-08
9.25558654077719e-08,4.939984930766759e-08
9.5051078351528e-08,4.6450269052382224e-08
9.568121225191964e-08,4.857086342620055e-08
9.41691181038152e-08,4.719840933221763e-08
8.983665095730682e-08,4.594096741131934e-08
9.45147048797274e-08,4.675120368993527e-08
9.212852864534905e-08,4.467468212954462e-08
8.982564463330878e-08,4.7480397635706826e-08
