Sig,Std Dev
9.02919194269655e-08,5.007242357853315e-08
8.717521515601259e-08,4.715407443161602e-08
9.151727847737309e-08,4.682614688620861e-08
9.147979825507224e-08,4.7628544333481956e-08
8.578622255911615e-08,4.4087744520096304e-08
9.331745615836284e-08,4.58954210776901e-08
8.743193337776582e-08,4.769484049685888e-08
9.102040536383873e-08,4.6269033558019306e-08
9.153501434781624e-08,4.810143944605379e-08
9.198527351755309e-08,4.8895902926215346e-08
9.400312954854333e-08,5.281025544764961e-08
9.076943127714321e-08,4.615759077237579e-08
9.068726027243285e-08,4.816017183465037e-08
9.420263939282041e-08,4.945053195643037e-08
9.522996141925126e-08,5.262339543124711e-08
9.530339344460067e-08,4.673048446848523e-08
8.986573311790015e-08,4.8471286180384616e-08
9.157068616279361e-08,4.667323763996618e-08
9.032743796264864e-08,4.89132760016633e-08
9.160484310243789e-08,4.9666728760394516e-08
9.243839709692751e-08,4.783093610213654e-08
9.37310983958088e-08,4.8978230046117494e-08
8.934488136340377e-08,4.7719701801843495e-08
9.192947648987282e-08,4.7202373164722356e-08
8.628697888724132e-08,4.19222445408098e-08
8.789673830826075e-08,4.67922003197559e-08
9.238026478074706e-08,4.735435514110797e-08
9.109402428307169e-08,4.692826667367362e-08
9.891471023327138e-08,4.771222410788067e-08
9.179003069107109e-08,4.7902234567126505e-08
8.880936725327442e-08,4.419216173160864e-08
9.040069481633701e-08,4.8986166637057846e-08
9.30125961457716e-08,4.7355651076640364e-08
9.648399499644197e-08,4.929150377603021e-08
9.301223636019047e-08,5.004365477414753e-08
9.314273878244979e-08,5.0267358818284104e-08
9.062141861870125e-08,4.4923662334243506e-08
9.349478450048837e-08,5.012238030765235e-08
9.504694757192041e-08,5.0949289940969184e-08
